former_farmer	2023-11-06 17:07:19	1	What are the exact steps?
Vaniakkkkkk	2023-11-06 17:00:15	2	11 years too long for my taste.
Kiltymchaggismuncher	2023-11-06 16:56:17	2	It must help you, since you chose to believe Ukraine's population is less than half what all reputable outlets quote. And you believe this with no ...
permeakra	2023-11-06 16:55:23	0	Believe whatever you want if it helps you sleep.
Asxpot	2023-11-06 16:53:27	1	Depends on the particular detachement and the local commander. Rotation happens, but not at a great rate. Some get about what you described, some g...
Kiltymchaggismuncher	2023-11-06 16:52:27	2	>Look into it yourself.So you made it up
iskander-zombie	2023-11-06 16:51:50	2	"Haha, classic. ""I don't remember"", ""I have a headache "", ""I'm not in the mood"", ""Look for yourself"" and other typical excuses.The old joke goes lik..."
Eiche_Brutal	2023-11-06 16:51:11	1	>Basically if you live in Ukraine half of the people you know are either dead or left the country for good.How are they coping? They don't, they ar...
alamacra	2023-11-06 16:48:10	2	He changed the timezones and fought Georgia. Also renamed police
TheBlack110001	2023-11-06 16:45:16	1	"Ersatz ""Billions must die"" Kurzgesagt"
pocket_eggs	2023-11-06 16:44:33	1	How is their rotation situation? Do they just sit at the fighting place most of the time, or is it more like 3 month on, 3 months training, three m...
Aromatic_Listen_7489	2023-11-06 16:41:08	1	The political situation in Russia is quite stable in my opinion, and there is absolutely no reason for Putin to leave his throne (at least for now).
finstergeist	2023-11-06 16:40:41	1	> Samara: used to have a lot more wooden buildings throughout the center that are unfortunately being destroyed be terrible developers.Same in Nizh...
Future_Slice_71	2023-11-06 16:40:24	1	Probably until 2030, I think the 2024-2030 is the last period for him rulling Russia.
pectopah_pectopah	2023-11-06 16:38:12	1	Yeah, stamping internal passport was kinda like a joke the UA customs control people loved to play on people. Last time I took the train was probab...
AccomplishedBee4745	2023-11-06 16:32:39	1	I am an international student here in Russia and my family uses Crypto, its the best option like everyone else is saying
former_farmer	2023-11-06 16:32:13	1	I didn't know telegram had this feature. So i need to create a wallet there and I can just transfer?How does my friend get the money? he doesn't ha...
sangeet79	2023-11-06 16:30:40	1	you can use RuTube, it's crap, but those guys are there.
Orange_smiler	2023-11-06 16:30:07	1	"Funny thing is that it's politically correct in both Erefia and Western left-liberal circles to say that ""Western conquerors"" were the worst.On a s..."
NaN-183648	2023-11-06 16:24:06	3	> What do you think of the Infographics Show?It is a generic attention grabbing time wasting content of minimal value that is heavily targeting wes...
Bimbendorf	2023-11-06 16:21:19	3	Yeah. His New Year speech right before the heat death of the universe will be wild
YesOfCorpse	2023-11-06 16:20:25	3	Until he either finds a successor whom he could trust and who could guarantee his safety (which is improbable) or until he dies. I don't see reason...
Bimbendorf	2023-11-06 16:17:40	1	He is somewhat of a God-Emperor. Once he'll be on his deathbed, they will link him to the life-preserving machinery of the Golden Throne, made in t...
YeshkinKotspy	2023-11-06 16:15:33	1	There are 1000+ cities in Russia, so I've seen at most 5% If we count by territories, then there will generally be scanty percentages
Orange_smiler	2023-11-06 16:15:14	1	Which version?
sangeet79	2023-11-06 16:12:23	7	after death he will sit on the Golden Throne for 10 thousand years :))))
Sssssssssssnakecatto	2023-11-06 16:12:04	1	\>How do you deal with Russophobic people?  Haven't met a single one IRL, but online - if they cannot be excised out of my e-habitat places like di...
sangeet79	2023-11-06 16:10:35	3	you can't possibly seriously think that when Medvedev was the president, he was really in power.
Adventurous-Nobody	2023-11-06 16:09:54	1	In August I successfully got mail from Lithuania, but it was a paper letter, not a box. You should search for mail-forwarding services through Kaza...
NaN-183648	2023-11-06 16:06:36	1	Through p2p services. And yes, there's a chance of being scammed.
NaN-183648	2023-11-06 16:06:09	3	Till his death. And beyond.
alexandrasko	2023-11-06 16:05:28	1	my fault, I was only 2 when he became president
whitecoelo	2023-11-06 16:03:56	1	As long as power stays in him obviously. What do you think power is?  In the office... a term or two. At the moment the state can't risk to display...
No-Pain-5924	2023-11-06 16:02:29	1	I hope for as long as he can.
Sssssssssssnakecatto	2023-11-06 15:55:01	1	FFXIV, Hunt:Showdown, Arknights, Deep Rock Galactic, and a truck's worth of metroidvanias, boomer shooters and turn-based strategies. Formerly play...
KriJollt	2023-11-06 15:53:46	2	Donâ€™t forget about Medvedev
bolotnikoff	2023-11-06 15:52:46	1	Until a worthy replacement is found
Maria0601	2023-11-06 15:45:21	2	>the girls had something else.I remember we were taught how to throw grenades and provide first aid. And at the uni we had a shooting range, preser...
moorlykin	2023-11-06 15:44:58	0	Putin is eternal
MilkiestMaestro	2023-11-06 15:43:21	-2	We?  Since you speak for all Russians I will address you as suchHow is that NAZI hunt going? Have you looked in the mirror yet?
RRZ31	2023-11-06 15:42:44	1	Crimea would be cool, Iâ€™ve always wanted to visit that part of Ukraine .
my_fav_audio_site	2023-11-06 15:41:16	3	Cringe.
AutoModerator	2023-11-06 15:38:08	1	Your submission has been automatically removed. Submissions from accounts fewer than 5 days old are removed automatically to prevent low-effort shi...
yourfavmanager	2023-11-06 15:37:51	1	Use BestChange to find suitable exchange platform, for example if you have USDT you can send it to any RU bank via exchange of your choice without ...
RushRedfox	2023-11-06 15:36:35	1	"Being ""considered insane"" and actually having a diagnosable mental disorder are two different things.Other than that, you can consider anyone anyth..."
ave369	2023-11-06 15:34:24	3	Until it's finally over
permeakra	2023-11-06 15:31:28	0	I don't remember. I checked the topic a few years ago, didn't bother to remember and save the references. Look into it yourself.
Individual_Dirt_3365	2023-11-06 15:30:43	1	Until the end
Tight_Display4514	2023-11-06 15:29:32	1	Oh yeah thatâ€™s right foxes are fairly small. They just steal food or bite if theyâ€™re rabid or smth
tatasz	2023-11-06 15:28:10	1	We have Lenin and Putin, prolly forever.
pipiska	2023-11-06 15:27:06	1	Where can I see such fox please
Sssssssssssnakecatto	2023-11-06 15:21:04	1	Download TOR\\brave and learn how to use TOR.  You might find a proper solution through your friend's acquaintances otherwise.
Adept-Ad-4921	2023-11-06 15:19:34	0	Also, this population is 43 million (there are estimates of 41-39 million(which is closer to the truth)), taking into account the population of Cri...
Sssssssssssnakecatto	2023-11-06 15:19:01	6	Somewhere between two or three billion years, I think. Maybe he'll go for the second cosmic term - then six billion would be the answer.
Round_Reception_1534	2023-11-06 15:18:24	1	would be quite more tough, obviously
AutoModerator	2023-11-06 15:08:48	1	Your submission has been automatically removed. Submissions from accounts fewer than 5 days old are removed automatically to prevent low-effort shi...
olakreZ	2023-11-06 15:04:46	3	We mainly celebrate the New Year. :) Christmas is a religious holiday preceded by a strict forty-day fast. But the decorations are the same: a deco...
Elowen_Deeowen	2023-11-06 14:59:55	2	https://youtu.be/kLezFlhQook?feature=shared
irimiash	2023-11-06 14:58:37	1	very very little
Nitaro2517	2023-11-06 14:58:12	11	Even if he retires after next election, I don't think mich will change. The whole point of government is to remain functional regardless of who is ...
False_Beginning2137	2023-11-06 14:54:49	1	Is there a difference? Nobody who would commit or support what Russia is doing could be considered sane in my opinion. It is evil and it is madness.
Facensearo	2023-11-06 14:53:29	5	Yes.
Nitaro2517	2023-11-06 14:53:12	3	Never watched a single video, but I've seen a bunch of videos with similar art style.Doesn't matter if thay are discussing politics or something el...
Facensearo	2023-11-06 14:52:48	17	Until all examples of his DNA for the clones will became obsolete due to entropy. According to the modern scientific approximations of [DNA decay](...
Kiltymchaggismuncher	2023-11-06 14:51:04	2	And where are you getting these estimates?
Tarilis	2023-11-06 14:49:27	7	I just learned about its existence. Skimmed through videos, it looks like he makes entertaining videos videos on well known topics? And, well polit...
Morozow	2023-11-06 14:47:18	-4	Until he cleans up all this mess he's made.
tchkEn	2023-11-06 14:46:01	2	If the land belong to smb you will see the phone namber and prise for tent. But if you away from popular tourist places camping in forest will be f...
permeakra	2023-11-06 14:44:32	-1	>Population of Ukraine is 43 million. Population of UA \*was\* 43 millions at some time in 1990s. There is no good official numbers since then. Var...
Dr_Hacks	2023-11-06 14:44:25	1	Than why not?
Visible-Influence856	2023-11-06 14:44:06	1	I'm from Moscow and happened to go to Kamchatka, the Altai, the Caucasus, to the sea boarder with Norway, Rybachiy peninsula. Cities like Kaliningr...
Dr_Hacks	2023-11-06 14:43:50	1	So he's good to go.
Tight_Display4514	2023-11-06 14:42:17	1	Truth
WorstBrazilian	2023-11-06 14:42:12	28	The original Putin died in 2005. The problem is that they can just keep making clones
tchkEn	2023-11-06 14:40:43	2	The Omsk's bird?
Tarilis	2023-11-06 14:40:05	11	Until the day he dies most likely. But I have my doubts about whether this day will ever come.
AvitoMan	2023-11-06 14:39:50	1	10-15 years.
alexandrasko	2023-11-06 14:39:30	17	I was born when he ruled and have lived this way all my life, so I canâ€™t answer unequivocally
Suleyco	2023-11-06 14:39:11	26	Till he dies. Then heâ€™ll either be brought back to life, cloned and/or put in the mausoleum. (Hopefully not but who knows.)
Tight_Display4514	2023-11-06 14:38:30	1	I canâ€™t understand anything in church because of the echo and ppl coughing.
Transmission_agenda	2023-11-06 14:37:48	1	Is that a good or bad thing for Russians?
alexandrasko	2023-11-06 14:27:02	18	forever
Kiltymchaggismuncher	2023-11-06 14:26:45	1	https://www.unrefugees.org/emergencies/ukraine/https://en.m.wikipedia.org/wiki/Ukrainian_refugee_crisis_(2022%E2%80%93present)#:~:text=An%20ongoing...
Tight_Display4514	2023-11-06 14:25:49	1	I was born in St Petersburg, grew up in Moscow. The farthest East AND South Iâ€™ve been is Volgograd (granny lives there), farthest East- Estonia bor...
Tight_Display4514	2023-11-06 14:22:40	3	There are usually places where a lot of campers seem to accumulate, I strongly suggest you research them and set up camp there. Otherwise, you coul...
GoodOcelot3939	2023-11-06 14:09:27	1	Rebels (if Chechens) or separatists (if DPR/LPR) or just, for example, Albanians (in Kosovo case). A traitor is someone who betrays.
martian_rider	2023-11-06 14:04:07	0	>Number of people who have left the country is 6 million.Absolutely sure in reality it's substantially more. IIRC, Poland alone has received 4 mil ...
martian_rider	2023-11-06 14:00:32	1	okay then
Hot_Marzipan_1043	2023-11-06 13:59:15	2	I have been to Baikal, Dombai, Altai, Kamchatka and Sochi. There are still so many places in our huge native country that i have not been visited!
Fool-With-Epaulettes	2023-11-06 13:58:33	2	>extinguish fires, throw a grenade, dig trenches, be able to set up camp and assemble it, make a fire, cook basic food on a campfire, navigate the ...
Hot_Marzipan_1043	2023-11-06 13:52:03	1	In my school, these were compulsory OBZH classes, plus in high school there were optional military training camps (which almost all boys always wen...
_golgi_bodies_	2023-11-06 13:49:17	1	If someone sent usdt to me how do I withdraw it to my russian bank account?
Unused1_lap	2023-11-06 13:43:16	1	Novosibirsk, i highly recommend it to you. People are very kind and you can ask where the place is. I noticed that there is always some kind of con...
Unused1_lap	2023-11-06 13:41:33	1	When i first time saw it, i was shocked that there was a black man in Russia
False_Beginning2137	2023-11-06 13:40:50	1	"""Give us what we want or die"" - RussiaNo thanks.Edit: Are you admitting that Russia has killed civilians then? Admitting you are shilling for murde..."
False_Beginning2137	2023-11-06 13:39:11	1	What do you call someone who takes up arms against their country and aids invaders if not traitors?
we0k	2023-11-06 13:34:53	2	Iâ€™ve been in Sochi and Vladivostok, Nahodka with some stops in between. Quite far away
Unused1_lap	2023-11-06 13:29:57	1	Ghost Recon Future Soldier and Ghost Recon from 2001
Fool-With-Epaulettes	2023-11-06 13:27:57	2	I remember OBZh ('basics of life safety'?) lessons in school where we had to assemble and disassemble AK-47, put on a gas mask, change into OZK kit...
marslander-boggart	2023-11-06 13:25:44	1	I've visited just 2 or 3 cities, and almost haven't seen even them at all.
Leolisleo	2023-11-06 13:08:36	1	Itâ€™s of course Saint-Petersburg, but Novosibirsk, I believe, has to be the second best
Ankyri	2023-11-06 13:06:08	1	I love Moscow, warts and all, with all my heart, but it's definitely Saint Petersburg, no competition <3
Asxpot	2023-11-06 12:55:45	4	Surprisingly, everyone I know who went to war are still alive. One got severely injured, but the rest are fine.
HungryInevitable	2023-11-06 12:43:56	1	Buy a cheapest Linux VPS, stick an instance of Outline in it. It can be done by a layperson fairly easily. That's the most reliable solution.
Kiltymchaggismuncher	2023-11-06 12:34:08	5	"""a"" dead relative. Singular. Not plural. The guy he replied to said if you are Ukrainian, half the people you know are dead or left the country. Ha..."
Kiltymchaggismuncher	2023-11-06 12:33:04	4	>Basically if you live in Ukraine half of the people you know are either dead or left the country for good. Population of Ukraine is 43 million. Nu...
artistictrickster8	2023-11-06 12:28:14	1	Thank you that sounds super .. indeed, really? .. I mean, the land might belong to someone, no need to ask anybody? (sorry to ask again, however wh...
HungryInevitable	2023-11-06 12:25:55	1	Whatever. Nothing they say has any importance.
ExpertinRussia	2023-11-06 12:13:15	1	Yes, you will need a passport translation into Russian to open a bank account. The translation should be made in Russia because a Russian notary sh...
Educational_Secret33	2023-11-06 12:11:42	1	I don't need a guardian :) I have only been diagnosed with this unfortunate disorder
pipiska	2023-11-06 11:50:32	2	He isnâ€™t going to be stabbed in a random fight.
GreatSkyDrake	2023-11-06 11:48:18	14	I know you're still there. It is impossible to leave Omsk.
Adant4245	2023-11-06 11:22:47	1	WOW! I had no idea how diverse it is in religion! That's very interesting.   Are there caffes in skyscrapers? Which one is the best for chill?
losonok22	2023-11-06 11:18:04	1	unfortunately, they do
Railroad_Conductor1	2023-11-06 11:14:48	1	The government was formed from the Duma, so it's as legitimate you can get it considering the circumstances and the tsars abdication.The lenin gove...
CnacnboTrydoy	2023-11-06 11:00:13	3	He could just deposit the crypto into a wallet on telegram and then sell it for rubles. The rubles will be transferred directly into whichever bank...
Material_Special	2023-11-06 10:51:13	1	I agree, in the long run I would follow your advice.
cristina1945	2023-11-06 10:46:24	1	https://youtu.be/rcp_v0vRoJQ?si=Z21QpmGzlooVmlW8
KrazyRuskie	2023-11-06 10:46:17	1	Amen
Lanitaris	2023-11-06 10:46:00	1	Depends what company. Some of them do not allow to work from Russia, but some of them do.Middle eastern companies usually provide services to weste...
cristina1945	2023-11-06 10:41:23	2	I see :)
RavenNorCal	2023-11-06 10:40:52	1	With some percentage of accuracy I can spot Russian, Ukrainian, Belarusian Slavs, a bit harder with women. Also it is very easy to confuse with Pol...
cristina1945	2023-11-06 10:40:31	1	I saw a video on you tube where Putin was on holiday in Tuva region
heroin0	2023-11-06 10:39:53	4	Highest crime rates in Russia.
Monterenbas	2023-11-06 10:39:42	1	Then why complain about labeling, if my assumptions about your political view are actually correct? At least, own it.
heroin0	2023-11-06 10:38:36	1	I feel like liberalism in Russia for me is about basic human rights from UN list, but that's a long story.About religious people: one boy from my c...
pavel_vishnyakov	2023-11-06 10:38:18	2	> I don't recall any particular clause in employment handbook or any other form requiring a specific residential requirement where you had to be wo...
SOFIA_433	2023-11-06 10:37:07	2	Speak for youself please.
Material_Special	2023-11-06 10:34:01	1	Well yes, IRS will always want a cut of your sweet sweet profits. I've worked remote jobs in the US and I don't recall any particular clause in emp...
blind_confused	2023-11-06 10:33:55	1	I've only been to several small towns and townships within my region (which is in far north), and around 3-4 big cities outside of it (including Mo...
SOFIA_433	2023-11-06 10:25:12	1	It's my native city, the centre of the city is nice, also we have a great nature.
pavel_vishnyakov	2023-11-06 10:24:54	1	">  The IRS does not care where you are living as long as you maintain a US address somewhereIsn't the correct version ""as long as you pay taxes whe..."
AwkwardDistance2751	2023-11-06 10:24:37	1	Let's start the conversation by saying that I'm Russian. I have never spoken for others because we are all different, but if I start to speak for t...
pipiska	2023-11-06 10:24:13	3	ðŸ”ªðŸ”ªðŸ”ªðŸ”ªðŸ”ªðŸ”ªðŸ”ªðŸ”ª
pipiska	2023-11-06 10:23:26	15	Russiaâ€™s camping works this way:1. Go to forest 2. Find spot3. Set up tent
mahendrabirbikram	2023-11-06 10:12:43	1	Those medals you see for sale are from Ukraine mostly
redwingsfriend45	2023-11-06 10:12:28	1	big ups magnitogorsk
redwingsfriend45	2023-11-06 10:12:06	1	goldobin isnt there anymore, that is why
ExpertinRussia	2023-11-06 10:08:51	1	1. E-visa is for up to 16 days only. If you have a Serbian biometric passport you can stay visa free for up to 30 days. Otherwise you'll need a reg...
BlondieFurry	2023-11-06 10:04:47	1	Not in many places. Mostly around my â€œoblastâ€ + Moscow, Spb.Problem is, Russia is to big and cost of travel pretty high too. Before sanction fly to...
queetuiree	2023-11-06 10:04:07	1	Many people in these towns have relatives in Magnitogorsk and the likes, so they do travel
sinusis	2023-11-06 10:03:22	1	N o p e.
queetuiree	2023-11-06 10:02:53	3	Blagoveshchensk is the farthest. Very cool town with vibrant nightlife. Every bar with live singing.
ExpertinRussia	2023-11-06 10:02:04	2	You can as long as you are legally capable.
iskander-zombie	2023-11-06 10:00:53	0	And all of the torrent trackers. And most of the porn sites. And like half of the foreign news sites. And the list keeps expanding. Let's face it: ...
ExpertinRussia	2023-11-06 10:00:11	1	You may check CIBT. Not sure if they are scored highly in the reviews, but at least they exist for over 10 years and they are not scammers. Some of...
supersh86	2023-11-06 10:00:09	2	But this government did not last long, until the foreign intervention that took place a year later. And its legitimacy was in question; no one elec...
starbucksresident	2023-11-06 09:59:07	4	nor opposite direction..I have plenty of friends from the regions that have never been to Moscow, but certainly have been to London and Edinburgh!
ExpertinRussia	2023-11-06 09:57:09	1	I'm not sure what area you work in, but probably your company simply doesn't need to know where you are physically located or probably they won't c...
paganpoetry1742	2023-11-06 09:56:35	2	I traveled to Kolima: Magadan
ExpertinRussia	2023-11-06 09:54:19	0	Crypto is almost the only option
Nespan	2023-11-06 09:42:46	2	Or Telegram p2p via official wallet would be easy as hell as it supports TRC20 USDT
SOFIA_433	2023-11-06 09:32:31	5	No, it's not. Italy PM's diplomatic adviser was fired after their last prank.
Radiant_Function_172	2023-11-06 09:25:13	1	This also applies to travel within the country. From some parts of the country you have to get to Moscow by plane, and from there wherever you need...
Ulovka-22	2023-11-06 09:24:03	1	It was big once, in the early 2000s, as licensed to PepsiCo brand. In the 2015 PepsiCo stopped marketing and distribution, and it's (almost) gone.
Material_Special	2023-11-06 09:22:59	3	You can't work on a visitor visa. However; if hypothetically you were to get a remote job in the US and you were to take your laptop with you on yo...
artistictrickster8	2023-11-06 09:20:36	1	Hi, that's interesting, thank you! May I pls ask. I would like to travel there, however, not in hotels but rather hostels and camping. How is the i...
Downtown_Bid_3674	2023-11-06 09:19:16	1	I have been to many places in Primorsky Krai and Sakhalin. From the western part of Russia, I was in the Moscow region, Leningrad Region and Nizhny...
Pantouffflard	2023-11-06 09:02:29	1	In the beginning of the war there were planned evacuations of children, but trains got bombed by German aviation, so mass evacuations were mostly c...
Ghost_of_Donetsk	2023-11-06 09:00:18	6	> Free speech is not relevant in that context, only when the government is stopping youI don't think you understand how free speech works. Definiti...
Putins_botox	2023-11-06 08:57:59	1	Thank you. I might try this service
SiriusFxu	2023-11-06 08:57:31	5	Would you say its because very few russians died or because most who enlist are from rural areas and people from cities dont know them? Because I a...
ZeroEspero	2023-11-06 08:48:47	1	Or to deploy AmneziaVPN on your VPS, super user friendly vpn server which supports several protocols
Railroad_Conductor1	2023-11-06 08:48:14	1	The tsar abdicated due to the situation in rhe country, a provisional government was formed.This was the legal one.
Ghost_of_Donetsk	2023-11-06 08:46:59	2	I believe Couchsurfing site still works in Russia, don't know how popular it is.
Putins_botox	2023-11-06 08:42:34	1	I used VisaHQ for a 3 year visa. It was about 300 or something for all fees. Mailed everything in and they mailed me back the passport with attache...
ru1m	2023-11-06 08:41:47	2	In the past plenty of people travelled to Magadan to see beautiful views of Kolyma river. Nowadays government widely subsidizes costs of travelling...
marked01	2023-11-06 08:33:41	6	"Don't worry we know your longing for ""No dogs, No Irish"" signs."
moorlykin	2023-11-06 08:23:37	3	Iâ€™m talking about the economic exploitation of â€œthird worldâ€ countries, and youâ€™re talking about some stupid â€œprotestsâ€, as if these â€œprotestsâ€ are...
brjukva	2023-11-06 08:17:27	7	Suzdal: a charming small town frozen in time
Nazguldan	2023-11-06 08:16:31	2	To my experience all one need VPN for are some of the porn sites and most of the torrent sites. if you can live without those for the duration of y...
Individual_Dirt_3365	2023-11-06 08:12:54	2	From Kamchatka to Kaliningrad every major city. But still a lot of places O never visited.
EwigeJude	2023-11-06 08:05:53	1	I've never been further East than Komi, further West than St. Petersburg, and further South than Krasnodar region.
dair_spb	2023-11-06 08:05:05	3	Ah, so you are applying your groundless prejudices to the peopleâ€™s rights.Are Americans known for free and fair opinion polls?https://www.foreignaf...
fckrddt404	2023-11-06 07:55:40	0	They believe they won't be the (un)lucky chosen ones. Dictator Putin tried the limited mobilization, Russians weren't amused so he switched to othe...
Ghost_of_Donetsk	2023-11-06 07:54:10	2	I travelled a lot but only one time crossed Urals.
fckrddt404	2023-11-06 07:52:16	4	Source: RU propaganda
Adant4245	2023-11-06 07:37:20	1	Glad I asked!   Because, here, when ''liberalism'' is mentioned, its almost exclusively thought of western moral values program under liberalism.  ...
FaithlessnessAlone51	2023-11-06 07:36:16	1	I was surprised when I realized how easy it is to get a train ride to essentially any place. planning to do it more in the future
AlexSapronov	2023-11-06 07:31:05	1	I was born and live in Moscow. So, Moscow and itâ€™s oblast, Colomna, Kaluga, Dubna, Serpukhov, Zvenigorod, some other smaller towns. Have been few t...
Badonkadonk6969	2023-11-06 07:27:46	0	If the Russians are known for one thing its free and fair elections ðŸ˜†.
SlavicTravels	2023-11-06 07:25:51	13	Meh everyone is going to say Moscow or Saint Petersburg which is boring. So Iâ€™ll give a few alternatives: Nizhny Novgorod: amazing kremlin which is...
elautodefe	2023-11-06 07:24:40	1	From Vladivostok to Baikal (Ulan-Ude), Spb and Moscow ofc, Golden ring cities, Kazan,Nizniy Novgorod, Tymen oblast since I was born there. South - ...
WindInevitable1092	2023-11-06 07:23:14	0	use TOR browser free vpn. works just fine for me here
Terrible_Tadpole_625	2023-11-06 07:19:06	3	a lot of people switched from binance to bybit
ivandemidov1	2023-11-06 07:17:24	1	I like pranks of Nikita Zdradovskiy. It's not mean at all and just nice. Nikita is athlete pretending he is fat guy. https://youtube.com/@Zdradovsk...
supersh86	2023-11-06 07:13:34	9	I was in Omsk the hell of it.
BulkiBABA	2023-11-06 07:12:19	1	I visited some cities in European part of Russia (where my city is also situated). From north to south. But i've never been in asian part. I'm goin...
Triolli_AI	2023-11-06 07:12:02	4	"Hi there! Use ""Planet VPN"". Works in LTE and Wi-Fi"
mikhakozhin	2023-11-06 07:11:51	2	We also shot at the shooting range with TOZ-8. Is shooting back too?
dair_spb	2023-11-06 07:06:22	5	Crimea wasnâ€™t â€œstolenâ€, the Crimeans voted to join Russia on the referendum.
MerrowM	2023-11-06 07:05:48	3	Logistically and by myself, to Moscow, Saint Petersburg, Velikiy Novgorod and Vladimir - they are both around 1200 kilometers from where I live.Whe...
-MGP-	2023-11-06 07:02:58	3	[Pretty much entire european part](https://imgur.com/a/6VU8S9R)
Nitaro2517	2023-11-06 06:59:22	10	That's very common.
dagon2647	2023-11-06 06:49:17	4	Best option is crypto as you will have one leg in one leg out.For fiat.Because Brazil is also a restricted currency market. You need1. Use some ban...
TinTinych	2023-11-06 06:40:24	5	Kinda. Binance has a LOT of restrictions for Russian residents, so you should choose any other platform which doesn't have any restrictions, Exmo.M...
heroin0	2023-11-06 06:40:09	1	>I heard this once before, and its interesting. But what makes it the most liberal? And what exactly is meant under ''liberalism'' there?There are ...
brahmen	2023-11-06 06:38:18	5	"Would you say it's uncommon for one to have a good number of relatives spread throughout the country?  Not like, ""oh I have one who uncle lives in ..."
NaN-183648	2023-11-06 06:37:29	2	> What would be the best way to do so? Crypto.> what payment system can receive transfers from a west country? I have a bit of crypto, or money in ...
IcePuzzleheaded5507	2023-11-06 06:37:28	1	https://www.reddit.com/r/AskARussian/s/NLKGG1onAm
former_farmer	2023-11-06 06:35:56	1	I live in south america, not the us. Bank transfer is a bit complicated, I need to do something else. How can I send crypto? binance is not working...
VolvetPM	2023-11-06 06:34:54	5	Been all over it. Kamchatka â†’ Vladivostok â†’ Khabarovsk â†’ Irkutsk â†’ Angarsk â†’ Kazan â†’ Nizhny Novgorod â†’ Moscow â†’ St Petersburg â†’ Anapa â†’ Sochi
cristina1945	2023-11-06 06:32:16	3	Why not Tuva ?
peacakes1998	2023-11-06 06:26:55	3	Thank you so much, very interesting insights! I am now more hopeful of moving to my boyfriend.
TinTinych	2023-11-06 06:24:34	21	Forget about PayPal, it doesn't work here. Crypto is the best (but not the only) option.You can also transfer money through your bank (but you need...
peacakes1998	2023-11-06 06:24:22	4	Sorry! I'm quite new to this subreddit and genuinely curious because I am planning to move to Russia in couple months time. I will search the post ...
up2smthng	2023-11-06 06:19:15	3	I live in Saint Petersburg, I've been around the Central and Northwest Federal districts quite much, also I have visited Sakhalin and that tiny dir...
rumbleblowing	2023-11-06 06:17:24	1	* The northernmost point I was is Mega Parnas near Saint Petersburg. * The westernmost is also near Saint Petersburg, some SPbGU building in Peterg...
MilkiestMaestro	2023-11-06 06:17:07	-7	I don't think you guys understand how private companies workFree speech is not relevant in that context, only when the government is stopping you
bararumb	2023-11-06 06:14:42	0	You don't really need it now either, unless you plan to access Twitter, Instagram or Facebook.
Bimbendorf	2023-11-06 06:14:35	3	I'm from SPB, and I've visited Moscow (very briefly), Kazan (very nice city, btw) and Karelia (highly recommend, the place is beautiful, especially...
Tarilis	2023-11-06 06:11:37	9	Well I was born on Sakhalin Island where I've seen...4 towns or so? And now I live in Moscow. That's it.
heroin0	2023-11-06 06:06:28	10	From Yekaterinurg to Murmansk, Pskov, SpB, Moscow, NiNo, Kazan, Kostroma, Baikal+UlanUde, Altai on car, different times, and some small travels in ...
Lord_Soth77	2023-11-06 06:05:06	2	I live in StPete and the farthest journey (inside Russia) was to Crimea back in 2018. But I do hope to visit Baikal or maybe Altai sometime.
Ensianto	2023-11-06 05:55:13	2	I'll check it out
Fine-Material-6863	2023-11-06 05:53:16	21	True, very unlikely. I just realized I have no idea where exactly it's located.
IrinaMakarova	2023-11-06 05:51:20	1	Tough childhood
Fine-Material-6863	2023-11-06 05:51:06	27	Kaliningrad is the most western point I visitedIrkutsk and Baikal in the eastTumen region (Noyabrsk town) in the north, and St Petersburg in the Eu...
Ghost_of_Donetsk	2023-11-06 05:49:20	6	According to latest poll, 63% of ukrainians have dead friend on relative due to war.
Timely_Fly374	2023-11-06 05:47:55	5	about \~1 night ride on a train
Seductive-Tentacles	2023-11-06 05:42:30	6	Moscow is stunning. But I also absolutely love Suzdal and Kolomna. And in Siberia â€“ Tomsk.
supersh86	2023-11-06 05:41:23	1	On what basis did you come to this conclusion?
lallybruh	2023-11-06 05:40:56	1	Lol thanks
Responsible-Elk6759	2023-11-06 05:28:40	1	Thank you. I appreciate that and I will pray that god watches and protects you and your family and be in good health as well my friend. God bless.
Welran	2023-11-06 05:28:02	2	Once I got 1. Don't quite remember why.
chichichoka	2023-11-06 05:25:05	9	Distance can really be a problem, but roads allow you to get to a lot of places, except that in the north there may be problems with transport acce...
RRZ31	2023-11-06 05:20:40	23	So someone from st. Petersburg or Moscow would likely never travel to Magnitogorsk just for the hell of it.
RRZ31	2023-11-06 05:19:15	5	Your 2nd paragraph is a bit of a stretch.
supersh86	2023-11-06 05:17:30	0	From an architectural point of view, of course Moscow. St. Petersburg is a typical northern city.
Doodlefish25	2023-11-06 05:17:21	1	This is a word my father has been calling me my whole life and my mother has tried to spin it as positive.
Nitaro2517	2023-11-06 05:16:05	52	Most Russians don't really leave their oblast. But if someone has to travel around the world they are almost guaranteed to visit either Moscow or S...
Nitaro2517	2023-11-06 05:13:37	3	Call for domestic disciplinary action.
Railroad_Conductor1	2023-11-06 05:07:43	1	The one that the bolsheviks took down. At the time it was led  by Kerensky.
Yury-K-K	2023-11-06 05:07:34	8	Easy - 1 is never used.
newredditorn	2023-11-06 05:05:05	1	No, I don't even know a single person who participates in this war. At the same time if you ask Ukrainians everyone lost a friend, a relative or a ...
Doodlefish25	2023-11-06 04:56:07	1	Could it be used as a term of endearment somehow?
YuriTheRussianBot	2023-11-06 04:52:47	1	I could never understand the difference between 1 and 2. It's basically the same.
YuriTheRussianBot	2023-11-06 04:52:19	2	Underperforming student.
RRZ31	2023-11-06 04:50:11	2	Have you lost a loved one in the war? How old was he? What was his name? How are you coping?
TankArchives	2023-11-06 04:48:48	7	Russian education systems assigns numerical grades. 5 is for an exceptional job, 4 is for an adequate job, 3 is for a marginal job, 2 is for an ina...
saekothemaid	2023-11-06 04:33:29	-6	Aren't most of their pranks dogshit fake?
supersh86	2023-11-06 04:26:45	2	Remind me what the legitimate government was?
RD-Ceredwin	2023-11-06 04:13:53	1	Literally anywhere else in the US that isn't rural would be better thanks to all of the rioting idiots who aren't actually mad about anything and j...
sukhoifanboi	2023-11-06 03:20:25	2	Why donâ€™t you like Saint Petersburg?
NoteRemarkable	2023-11-06 02:43:01	1	Thatâ€™s true , it just rubbed me the wrong way
Sufficient_Step_8223	2023-11-06 02:32:34	5	Yes, the sale of military awards is illegal.  This measure was taken to protect veterans, heroes and their families from encroachments on awards. I...
-XAPAKTEP-	2023-11-06 02:26:56	1	You also didn't see the point of this thread. So you got stability there.)
-XAPAKTEP-	2023-11-06 02:25:34	2	Stop being such a P, you're on Russian subreddit. That shite is deadly. )
Sufficient_Step_8223	2023-11-06 02:22:27	9	When I was studying, primary military training was mandatory at school. The pioneer had to be able to disassemble and assemble weapons for a while,...
Sufficient_Step_8223	2023-11-06 02:09:29	2	it depends on what exactly you want to knock out of a person: information, money, teeth, brains, stupidity or bad manners, intentions or desires. T...
Zubbro	2023-11-06 01:50:13	3	These kind of questions fit r/Russian better
Cold_Neighborhood382	2023-11-06 01:30:47	1	SWIFT, SEPA, P2P
BoldtheMongol	2023-11-06 01:26:33	5	Ah the good old democracy, pluralism and tolerance.
AntonioKhal	2023-11-06 01:20:45	2	Thanks for the replyYour information was very helpfulI will try to ship using this site
Technical-Debate1303	2023-11-06 01:18:53	1	I wonder what happened that made them start rioting... Almost like the government started firing on protestors...
AntonioKhal	2023-11-06 01:17:55	1	Thanks for the replyYour information was very helpful
funsubsng	2023-11-06 00:59:49	1	mostly stuff pertaining to the history of the band and the members behind it. but mostly the band itself. any additional information would be great...
two_vees_andadog	2023-11-06 00:59:22	3	You have already identified your problem. You will only use apps and don't care what you're giving up on. I don't know how many people are looking ...
funsubsng	2023-11-06 00:57:33	1	what?
funsubsng	2023-11-06 00:56:39	1	thanks!
DeviantPlayeer	2023-11-06 00:51:02	4	Just set up your own VPN, that's a rock solid solution that always works.
Ok-Heat-3531	2023-11-06 00:50:52	1	"I would say that it is a large boulder. Unyielding and massive.Used as a way to describe a person, I would use it like this ""Chopin is the paramoun..."
AutoModerator	2023-11-06 00:41:05	1	Your submission has been automatically removed. Submissions from accounts fewer than 5 days old are removed automatically to prevent low-effort shi...
Ok-Heat-3531	2023-11-06 00:40:23	17	St Petersburg, most definitely.It gets the top prize in my view because of the gorgeous,ornate architecture that combined baroque French style with...
AutoModerator	2023-11-06 00:39:06	1	Your submission has been automatically removed. Submissions from accounts fewer than 5 days old are removed automatically to prevent low-effort shi...
Harboring_Darkness	2023-11-06 00:16:48	1	What I'm trying to say is that I'm looking for the Russian dub of this anime, not the Japanese version.But I understand your point. Thanks in advance
Harboring_Darkness	2023-11-06 00:06:16	2	Places like [serialytut](https://serialytut.me/) and [kinogo](https://kinogo.biz/) are accessible for russian media and American media entertainmen...
xwilliamjoaquin	2023-11-06 00:00:14	1	gigachad idk
Pale_Solution_5338	2023-11-05 23:47:03	1	KEK
Disastrous_Two_5470	2023-11-05 23:37:31	1	Exactly the same thing with irn-bru it's got a taste but can only be described as tasting like irn-bru nothing else. Its similar with another creat...
ave369	2023-11-05 23:28:20	3	Everyone here has some kind of disorder. As we say, there are no healthy people, there are undiagnosed people.
cotteletta	2023-11-05 23:25:51	2	Lmao
ave369	2023-11-05 23:24:38	8	This is a prescription only drug. Visit a Russian doctor, confirm your diagnosis and get a prescription for it.
HumanityFirstTheory	2023-11-05 23:14:52	1	Haha I love it!
zxmuffin	2023-11-05 23:12:26	1	No idea, I had zero plans on traveling in the first place.
Badonkadonk6969	2023-11-05 23:07:19	-2	No.  Not even close.  So strange to listen to someone anti-democratic when Putin will jail you for simple protests or criticism from simple civilia...
sensible-sorcery	2023-11-05 23:02:19	16	St. Petersburg, of course. We donâ€™t have millions of tourists each summer just because
Tapa6	2023-11-05 23:00:09	7	TOR works for me, even if it fails to connect, google some bridges and it should work
TripFar4772	2023-11-05 22:57:01	2	Unless your mental disorder is disclosed during a federal background check (canâ€™t think of why it would unless youâ€™ve had an arrest where itâ€™s been...
zomgmeister	2023-11-05 22:53:58	6	Moscow and SPb are close ties. They are really different but both impressive and beautiful in their own ways.
hampus_no	2023-11-05 22:52:34	8	Totaly agree, i simply love that city
E-Serg	2023-11-05 22:46:32	9	NordVPN will not work.The most reliable thing is to rent a minimal virtual machine in some data center and deploy Outline on it. This is a VPN from...
user03793	2023-11-05 22:36:58	1	I just went to Russia and I traveled to Washington DC with all my paperwork.. Iâ€™m near Charlotte. And yeah 400+ is right for the visa.
BabayasinTulku	2023-11-05 22:35:34	15	Paid vpn services get randomly blocked by the censorship and you should't rely on them. Have a number of free vpn solutions installed in your phone...
Aiuehara	2023-11-05 22:28:22	2	Lmao
pipiska	2023-11-05 22:27:43	59	Saint Petersburg by far.
Timely_Fly374	2023-11-05 22:26:21	7	its gonna be uploaded on torrent sites after some hours/days depends on a fans laziness.
Facensearo	2023-11-05 22:24:32	7	"That's a ""Primary military education"", Soviet course for higher school. In Russia it was discarded at the 1990, though some schools retained elemen..."
Timely_Fly374	2023-11-05 22:24:15	0	\>re-sections and didn't need a VPN. no you did, you needed it always, even in your country right now. it is safety measure to be safe around unkno...
Party-Leadership-491	2023-11-05 22:23:56	2	Actually we can't be sure that you are! )))
Timely_Fly374	2023-11-05 22:18:59	8	Moscow, there is no real contenders.
marked01	2023-11-05 22:17:11	9	Quod licet Iovi, non licet bovi
dilbertnapkin	2023-11-05 22:16:58	22	Saint Petersburg, even though I donâ€™t like it. But obviously
olakreZ	2023-11-05 22:14:58	9	Shuya.
tatasz	2023-11-05 22:12:37	1	I'll see if there is something on Russian FS forums too and come back here if I find something
MiserableCount1774	2023-11-05 22:11:39	2	I'll check it out, thanks!
TankArchives	2023-11-05 22:09:45	5	That's a good sign, I've never seen a fake with a number.
nikshdev	2023-11-05 22:08:17	3	You are right, I've listed countries that stopped issuing visas.
LimestoneDust	2023-11-05 22:06:50	3	I think only Czech Republic, Estonia, Finland, Latvia, Lithuania and Poland banned entry, other countries you mentioned only stopped issuing visas,...
Nickolashka	2023-11-05 22:04:33	10	Moscow, it has everything, from the old pre-revolutionary period buildings to modern skyscrapers and everything in between. There are also some res...
tatasz	2023-11-05 22:02:42	5	Russian in western country: I usually check goldenskate forum, people there share tons of tips etc
buhanka_chan	2023-11-05 22:02:00	14	[https://rutube.â“‡â“Š/u/showvl/](https://rutube.â“‡â“Š/u/showvl/)Youtube bans channels that does not fit political course.
Nickolashka	2023-11-05 22:00:50	7	"As far as I know, 10th-year students have a week or so when they attend special ""military classes."" It may be at their school or some other related..."
buhanka_chan	2023-11-05 22:00:48	25	"Sounds like another ""free speech"" example."
nikshdev	2023-11-05 21:54:12	21	It was mandatory in high school before 1990, [reintroduced this year](https://lenta-ru.translate.goog/articles/2023/07/16/nachalnaya_voennaya_podgo...
quick_operation1	2023-11-05 21:53:19	1	If thatâ€™s the case then Iâ€™d prefer they stay locked up.
nikshdev	2023-11-05 21:51:18	5	> I have serious concerns that overseas company will hire me because I will be based in RussiaDepends on the country your company is located in and...
nikshdev	2023-11-05 21:46:11	5	As tourists - Belgium, Denmark, Iceland, Latvia, Lithuania, the Netherlands, Norway, Poland, Slovakia, Finland, Czech Republic and Estonia
Prickassley	2023-11-05 21:45:15	2	Ah ok thanks :)
Prickassley	2023-11-05 21:44:50	1	Iâ€™m not American?
Betadzen	2023-11-05 21:40:12	1	Okay
zomgmeister	2023-11-05 21:39:03	2	Dunno, can't really put the taste into words. But they are similar. IB has orange colour, while Buratino is more like warm yellow, but the taste is...
marked01	2023-11-05 21:31:50	21	Youtube banned their channel.
nikshdev	2023-11-05 21:31:39	7	There is indeed an article in the [criminal code](https://www-consultant-ru.translate.goog/document/cons_doc_LAW_10699/b94953078ba2dbd2668ca4ae1dd3...
RoutineBad2225	2023-11-05 21:29:43	0	How many times has this question been asked this week? This month? It seems to me exactly 20-25 times.
AskARussian-ModTeam	2023-11-05 21:28:41	1	Your post or comment in r/AskARussian was removed because it was deemed a boring shitpost. r/AskARussian is a space for learning about life in Russ...
AskARussian-ModTeam	2023-11-05 21:27:36	1	Your post was removed because it contains slurs or incites hatred on the basis of race, national or ethnic origin, colour, religion, sex, age or me...
AskARussian-ModTeam	2023-11-05 21:27:04	1	This post was removed because it was either asked very recently or because it's a duplicate of another post in the mod queue.
TankArchives	2023-11-05 21:26:26	20	"Yes, it is illegal to sell Soviet military medals (with the exception of jubilee medals like ""40 years of victory"" or whatever). They belong to the..."
AskARussian-ModTeam	2023-11-05 21:23:11	1	Your post on r/AskARussian was removed because it was not asking a question or you posed a loaded or presumptive question. Please re-read the [comm...
E-Serg	2023-11-05 21:22:17	1	In Moscow, it is easier to find a part-time job (waiter, barista, bartender, foreign language tutor). In Innopolis you can find remote work (after ...
aerakis	2023-11-05 21:13:43	1	Buildings and museums? Canâ€™t go wrong with Saint-P and the suburbs. Peterhof, Pushkin, etc. Spending a week there sounds good, and the rest for exp...
E-Serg	2023-11-05 21:12:53	5	For both. You need:* Register and receive the address of a virtual box at the warehouse.* Send your package to this address.* Provide the service w...
Boner-Salad728	2023-11-05 20:59:37	1	Rimworld & caves of qud
Verrashu	2023-11-05 20:57:13	2	Oh, thatâ€™s quite interesting. Of course, I know Buratino. Also, now I remember that when I saw this drink for the first time I thought it was some ...
NaN-183648	2023-11-05 20:56:07	5	Schizotypal personality disorder does not make one legally incapable. There is no guardian.
rumbleblowing	2023-11-05 20:46:53	4	The only shop I've seen it more or less regularly is Fix Price. Only small cans and bottles, but still.
H000gy	2023-11-05 20:39:41	1	also, you mentioned here you are a veteran of Afghanistan. I highly respect any veteran I come across. As an Orthodox Christian, I will pray for yo...
H000gy	2023-11-05 20:36:26	1	No problem with the late response, it was a nice and civil debate on Reddit, which is rare and I'm thankful for that. Regarding the Trump-Iran thin...
Atom_Denker	2023-11-05 20:25:39	1	I didn't see anything Russian there
tatasz	2023-11-05 20:22:48	1	It has lots of museums, parks and historical sites and churches, in general I feel that 5-7 days is a minimum.
Putins_botox	2023-11-05 20:22:20	1	Isn't only for orders from commercial sites like amazon and not personal mail?
tatasz	2023-11-05 20:21:55	1	Message me if you are ever in Brazil :)
Putins_botox	2023-11-05 20:18:28	2	All Russian mail to and from Sweden is still blocked as far as I know. Estonia was still working last I checked. It depends on the country.
WeBeAllindisLife	2023-11-05 20:16:27	1	Ivan Drago
SuitableBarnacle8	2023-11-05 20:14:02	1	Rdr2, the long dark, days gone, the last of us, grounded, mafia DE
Dr_Hacks	2023-11-05 20:07:56	1	"We're grown on such movies, we don't care about ""bad russians"" stereotypes."
Dr_Hacks	2023-11-05 20:04:08	0	...but probably he cannot be treaten as citizen with full rights and it's all up to his guardian. Not in RU, everywhere according to laws about men...
WeBeAllindisLife	2023-11-05 20:03:20	1	Iâ€™m trying through Babbel but Iâ€™m not sure Iâ€™m getting the best schooling
NoteRemarkable	2023-11-05 20:00:47	1	Bro i used to love that movie ðŸ˜­
NoteRemarkable	2023-11-05 20:00:37	1	It used to be my favorite movie until l found out they exploited Roma people . Now it rubs me the wrong way abs they werenâ€™t paid
WorstBrazilian	2023-11-05 19:49:53	3	I tried to scare u/Myaucht with it! It was self defense!
Impressive_Kale2245	2023-11-05 19:43:32	1	I am American and I agree. I mean Germany massacred 6 million Jews so I guess it would be fair to have them cede territory for Israel to be created...
Disastrous_Two_5470	2023-11-05 19:37:38	1	Aye its gods greatest gift.
-XAPAKTEP-	2023-11-05 19:32:19	1	"""Borat"" is all about America. Layered too."
ty-144	2023-11-05 19:30:46	5	I don't know what you mean. Russia's crime index is 39.99, France's crime index is 51.99. https://worldpopulationreview.com/country-rankings/crime-...
Disastrous_Two_5470	2023-11-05 19:28:53	1	Is that like lemonade and orangey flavour
Disastrous_Two_5470	2023-11-05 19:27:44	2	There's no other flavours other than irn-bru extra and diet irn bru which just taste like normal irn bru however, there are irn bru energy cans(lik...
Responsible-Elk6759	2023-11-05 19:26:02	2	Here's a quick rundown on the Abraham Accords Via Wikipedia .The Abraham Accords are bilateral agreements on Arabâ€“Israeli normalization signed betw...
Responsible-Elk6759	2023-11-05 19:23:21	2	Apologizes for the delayed response. While I do agree with most of your views, I'd say that for the most part morale was quite good during gwot. Pe...
dair_spb	2023-11-05 19:22:16	3	Fake news, he didnâ€™t say it. He said:â€œLet's recall the days of, say, Prince Alexander Nevsky. He traveled to the Horde, bowed to the Khan and obtai...
Impressive_Kale2245	2023-11-05 19:21:56	1	So horror movies back then were pretty gory? What were the plots like? Were they about current events? Monsters or serial killers stuff like that? ...
Disastrous_Two_5470	2023-11-05 19:18:27	3	That's quite handy sounds similar to Amazon. I couldn't tell you what irn-bru tastes like it just tastes like irn-bru but as other people have put ...
moorlykin	2023-11-05 19:18:04	2	Russians don't want to be like you.
qwertys2000	2023-11-05 19:16:10	1	Why does Russia have a higher violent crime rate then?
moorlykin	2023-11-05 19:15:23	5	> That's what makes Democracies thriveDemocracies thrive by exploiting the rest of the world.
moorlykin	2023-11-05 19:12:45	7	> This is the work of a madman. Dont forget this.Yes, NATO and the EU are madmen, we remember that.
jane4ka	2023-11-05 19:09:08	1	Damn, you right, lol.
Impressive_Kale2245	2023-11-05 19:09:04	1	I know about all except for Svidirov and Schnitke. But I am a fan of classical music so I probably know more than those who are not. I like Russian...
Educational_Secret33	2023-11-05 19:06:31	1	I'm Poland where i'm living is very fuckin weird system. Yes, when someone have a mental illness IT is visible. Every medical happening is register...
Railroad_Conductor1	2023-11-05 19:05:08	1	About 1200 years ago russia was ruled by Rurik who came from todays Sweden, does thst mean that russia belongs to Sweden, no. Parts of Karelia migh...
SwordofDamocles_	2023-11-05 18:56:22	1	It's a joke. TNO is a video game where Germany wins WW2. You play as leader of a Russia city and reunify Russia, before invading Germany. Samara is...
Railroad_Conductor1	2023-11-05 18:53:29	-1	The reason for the intervention was to secure allied military stores in northern russia, to facilitate the safe exit of a stranded Czech Legion  an...
E-Serg	2023-11-05 18:51:39	1	I don't mind. Russian films about Russians are too serious (even comedies). And you can laugh at American films with Russian characters, even if th...
TheLifemakers	2023-11-05 18:43:28	1	If you never travelled before, can you practice first with some more accessible countries? Not the one at war and under sanctions at this current m...
MinuteMouse5803	2023-11-05 18:42:58	2	What does T NO stand for?
ivzeivze	2023-11-05 18:42:47	5	"))))) A unicersal  scalable version of LOL, the number of "")"" increases the LOLness factor!"
Verrashu	2023-11-05 18:39:32	1	Okay now when I watched some sites other then Wikipedia I can say itâ€™s available on Ozon. Itâ€™s the online shop where you can purchase some snacks, ...
E-Serg	2023-11-05 18:36:59	1	You can send her an iPhone or Mac Book about the latest model, and she will sell them and receive money. It will also make money.
E-Serg	2023-11-05 18:33:16	1	Condoms and alcohol. :))
Verrashu	2023-11-05 18:31:02	2	Well, I had to google this one. I think I might had seen the drink similar to what I saw at the Wikipedia photo. But I donâ€™t think I tried it. I se...
Keibardo_Leonov	2023-11-05 18:26:16	3	I miss irn bru :(
Tesla_corp	2023-11-05 18:22:31	2	# WHY# NO LIKE WHY WOULD YOU
E-Serg	2023-11-05 18:21:08	1	Irkutsk is the closest from China. A very interesting, original city that grew up on the fur trade with China, and then thanks to the gold rush in ...
Verrashu	2023-11-05 18:20:41	1	Itâ€™s a shame I canâ€™t add a screenshot I made to show you what I mean. Could you answer me the result after you try what I suggested? If you want of...
SwordofDamocles_	2023-11-05 18:19:37	1	Isn't that a TNO reference
Atom_Denker	2023-11-05 18:17:28	1	"""Borat"" is more like in the Kazakh manner, and not about Russians. If we talk about the first film. I didn't watch the second movie."
takeItEasyPlz	2023-11-05 18:15:56	2	>.. I have rarely had the chance to talk to Russians about the current situation.I'm not a person whom you answered, but I can comment your points....
LivingBicycle	2023-11-05 18:12:39	2	Why does it feel like someone's trying to get some sweet ass clout through the worst possible channel
dair_spb	2023-11-05 18:10:39	2	Dive in river/lake happens on Baptism of Jesus, not on Christmas. Those are about two weeks between those two, January 19 is the Baptism, January 7...
translatingrussia	2023-11-05 18:08:34	0	So youâ€™ll agree Iâ€™m less a random â€˜westoidâ€™ than you are, since youâ€™ve got to resort to name-calling to prove your point. Great ðŸ‘ðŸ»
afifur_rahaman	2023-11-05 18:08:26	1	Of course if It's obvious. But first I have to fulfill my daily needs to continue my study, That's my I'm concerned about part time job alongside s...
Verrashu	2023-11-05 18:04:47	1	Wait a second
E-Serg	2023-11-05 18:03:46	1	If you study well. Make rapid progress and become a valuable specialist, then the job will find you. Both universities have courses taught by emplo...
Harboring_Darkness	2023-11-05 18:03:27	1	Watch this one episode https://findanime.net/nana/series1
Verrashu	2023-11-05 17:58:44	0	Whait, what to you mean Japanese dub being overlapping with Russian voice actors lines? We donâ€™t have it like that. If you watch the version with s...
E-Serg	2023-11-05 17:55:22	2	During Covid, the landlord could not keep up with the rent (and the contract provided for its payment). The landlord went broke. They cannot find a...
Verrashu	2023-11-05 17:54:54	2	And that was quite long. Sorry if itâ€™s difficult to read all this essayðŸ˜…
Tasty_Coyote2647	2023-11-05 17:54:37	3	punks not dead
Verrashu	2023-11-05 17:54:12	2	Yes. I didnâ€™t know it was new. However Iâ€™m just 19 so maybe I just donâ€™t realise it. At some point I thought that you meant another disease and I j...
-XAPAKTEP-	2023-11-05 17:52:55	2	I do not agree. That movie hit me on multiple levels. It wasn't just a trash comedy.
xwilliamjoaquin	2023-11-05 17:49:41	1	Yup
Harboring_Darkness	2023-11-05 17:48:01	0	"Yes, I mean the Japanese animated series ""NANA.""Also, to answer your question, with foreign dubs, sometimes, it's not translated to an extent, whic..."
violin1776	2023-11-05 17:47:09	1	I definitely agree. What an interesting city. It was even interesting when I was there decades ago.
violin1776	2023-11-05 17:46:48	1	I was going to visit here, but the road was closed
Adant4245	2023-11-05 17:40:26	1	Thanks!
takeItEasyPlz	2023-11-05 17:40:01	5	>I live abroad (russia) in a country with an important russian community. Strangely, the russian guys, here, don't seem to be too much worried abou...
Betadzen	2023-11-05 17:38:46	1	Nice. Get some ice cold vodka and I can cook a very fine kholodets. Thinly chopped meat, sturdy jello, rich broth.
Verrashu	2023-11-05 17:36:03	3	Sometimes you can see it in the comments with some passive aggressive comments with an intention to mock the person the answer to. Itâ€™s quite wides...
Educational_Secret33	2023-11-05 17:35:26	1	"This is a new ""disorder"". Are you taking any meds?"
pipiska	2023-11-05 17:33:33	3	Thatâ€™s exactly the sort of unabashedly idiotic takes I come to /r/askARussian for lmao
Verrashu	2023-11-05 17:32:43	1	Itâ€™s quite weird as currently switching between languages is much easier then it used to be.
Verrashu	2023-11-05 17:30:37	3	It has not anything to do with your question but I have the same diagnosis. Most of the people I met donâ€™t even know what it isðŸ˜…
Verrashu	2023-11-05 17:28:18	2	Do you mean, anime named Nana about two girls one of which playing in a rock group? Of course, it was dubbedðŸ˜…. Itâ€™s famous one after all. Still the...
adamasAmerican	2023-11-05 17:24:27	5	They cannot find out if the post was written by chatGPT (like in this case) yet
springbear2020	2023-11-05 17:22:48	2	It's pretty close to China. A seperate trip, I guess.
springbear2020	2023-11-05 17:21:47	2	Great point. When I visited Paris/Istanbul, I felt 1 week is not enough! I am not sure if I would have the same feeling for St. P and Moscow ( I ho...
zomgmeister	2023-11-05 17:19:07	1	Yeah, actually our Buratino is really close. Not exactly the same, but similar.
peacakes1998	2023-11-05 17:17:52	2	Almost got robbed in Paris 2 years ago. Agreed.
springbear2020	2023-11-05 17:16:46	1	Thanks. I like fancy buildings and museums. To be honest it's the first time I ever heard of Krasnodar. But will do my homework.
springbear2020	2023-11-05 17:12:11	2	Hard for we Chinese to discriminate the names. But seems easier than people's names. You guys have no idea how hard it is to read translated(in Chi...
Diipadaapa1	2023-11-05 16:56:02	1	Ever heard of the 3:1 defenders advantage? It would have been far cheaper to defend if your relatives for some reason would decide to murder you (i...
supersh86	2023-11-05 16:53:52	1	As I said, I don't answer rhetorical questions.
alamacra	2023-11-05 16:50:12	1	We aren't using nukes against Ukraine. It's some of the oldest Russian land there is, populated by literally our relatives, as I mentioned. So with...
Icy-Athlete-5908	2023-11-05 16:43:10	2	Visit Irkutsk (Eastern Siberia), we have here the deepest and the clearest lake in the world
NoteRemarkable	2023-11-05 16:42:40	1	A mess that movie was just a mess
Diipadaapa1	2023-11-05 16:39:31	1	How, exactly, would Ukraine have killed Russia as 6000 nukes are flying their way without international support, because its clearly written that y...
Diipadaapa1	2023-11-05 16:36:18	1	Look. Im sure you as a person are nice and dont want noone no harm. So are we. We are just humans who want to live our lives. At the moment, we do ...
MinuteMouse5803	2023-11-05 16:34:53	1	I m not a hater of Kazan.
alamacra	2023-11-05 16:32:53	1	Like I said, there is no enjoyment in this. But we don't want to die, so we continue.
alamacra	2023-11-05 16:31:38	1	Yugoslavia, Libya, Iraq were turned into ruins by NATO.Do you think we enjoy bombing Ukraine? This is part of our nation, many of us have relatives...
Diipadaapa1	2023-11-05 16:29:52	1	Lol. There are literal polls that show that 80% of Finns wouldnt accept Karelia if it was given to them for free. With all due respect, we are not ...
-XAPAKTEP-	2023-11-05 16:28:51	1	2.  Any hotel/motel/hostel you are staying at should do it. Typically, they 'have a policy' that they'll do it only if you stay at least 3 nights. ...
Diipadaapa1	2023-11-05 16:27:53	1	And as for hateteful, we have nothing against Russian people. Thats why they enjoy(ed) comming here for vacation. We hate Kremlin and their support...
alamacra	2023-11-05 16:27:42	1	I believe you moved them during the war. Idk the specifics.Russia has about 200 different nationalities living here. How come they are fine? You wa...
Diipadaapa1	2023-11-05 16:25:57	1	And an offensive alliance who turns countries into ruins? How obnoxiously oblivious can you be? You are suggesting we should be on good terms with ...
Diipadaapa1	2023-11-05 16:24:17	1	"When good relations means ""you voted a guy we do t like now taste my missiles"", yeah, no thanks. Exactly, we are 1/10th the size of Ukraine, Putin ..."
Harboring_Darkness	2023-11-05 16:24:06	1	Thanks so much!
alamacra	2023-11-05 16:20:30	1	How is Ukraine not a threat? It is the largest country in Europe after Russia, and its population is 10 times that of Finland. Your timing says oth...
kopeikin432	2023-11-05 16:14:35	1	First of all, about the psyops, personally I'm not interested in doing psyops - the following are honest questions because I have rarely had the ch...
AutoModerator	2023-11-05 16:11:38	1	Your submission has been automatically removed. Submissions from accounts fewer than 5 days old are removed automatically to prevent low-effort shi...
Ushastaja_Mest	2023-11-05 16:08:25	3	Two years ago it was in FixPrice for about 100 roubles per 1,5L. Dr. Pepper is everywhere in my town, as Yupi(anyone remember it?).
Scared_Divide8626	2023-11-05 16:04:41	1	That's how it works. Those zombies, submitted to their instincts, make 90% of our population. And some evil guys from rich clans use them for profi...
tatasz	2023-11-05 15:58:04	1	You are officially invited to any party at my home.
NadzGoldman	2023-11-05 15:55:29	1	Not sure, but if I remember right, that is restricted military area. By the way Teriberka is very popular touristic place. Winter is cold but some ...
-XAPAKTEP-	2023-11-05 15:52:59	2	"""Borat"" the first one."
-XAPAKTEP-	2023-11-05 15:50:04	1	Had 6 flights with aeroflot this year. Only one engine fire and one landing gear fail. But I'm still alive. I think ðŸ¤”.JK
zoomClimb	2023-11-05 15:47:52	3	So who's the madman?
JeNiqueTaMere	2023-11-05 15:42:25	1	>Does Putin come out and serve the troops food?Yes, and the best people also get tea.
-XAPAKTEP-	2023-11-05 15:38:34	3	Dude ðŸ¤£
bararumb	2023-11-05 15:30:08	2	First case is because of Navy https://en.wikipedia.org/wiki/List_of_Russian_navy_flags
gatsbyeclaire	2023-11-05 15:23:03	1	Oh yes, amazing suggestion! And the nature is breathtaking! How could I forget... I am sorry, this option did not come to my mind promptly... quite...
Dexter_313	2023-11-05 15:20:54	2	Many things make sense now
s_elhana	2023-11-05 15:10:48	1	Not in regular ones, but there are some in shops that sell various obscure stuff for presents.. Love Is, Turbo bubble gum, drinks from 90s, Slinky ...
Spacecatburrito	2023-11-05 15:06:28	1	Kaliningrad! You will love the architecture, the people and the food there!
Born_Literature_7670	2023-11-05 15:05:08	1	Quite possible, I am just not noticing it in offline shops.
s_elhana	2023-11-05 15:02:04	1	Ozon has it. Not sure about origin, but looks like uk.
-XAPAKTEP-	2023-11-05 15:00:50	4	This comment section gives me hope
hei04	2023-11-05 14:59:23	1	Quick question how did you end up sending usdt to advcash ? And how did your gf end up withdrawing?? Does advcash have wallet address where i can s...
WorstBrazilian	2023-11-05 14:59:09	6	12 upvotes is not a lotThey don't have to patrol, they approve all posts before its posted.Not controversial? A whole ukraine war discussion happen...
ARealPlagueDoctor	2023-11-05 14:56:07	1	What about Zapolyarny in the same oblast?
BorlandA30	2023-11-05 14:54:01	1	>I would not tell the truth about my medical conditionIn our time of CT and the like it is meaningless. Medics will find out in the end.Btw you can...
UnhappyIndependence2	2023-11-05 14:50:28	5	"In Poland it's ""jajaja"""
PurpleInteraction	2023-11-05 14:39:56	1	Syktyvkar
Spiritual_Rabbit7833	2023-11-05 14:35:50	1	Ulan-Ude (near to Irkutsk), Irkutsk, Vladivostok, Kamchatka
Diipadaapa1	2023-11-05 14:34:56	1	How exactly did we move people from russia to Finland from lands we dont own? Most Ingrians mived here after the Soviet union fell, when we allowed...
Diipadaapa1	2023-11-05 14:33:23	1	ðŸ¤£ðŸ¤£ðŸ¤£ðŸ¤£ðŸ¤¡
Diipadaapa1	2023-11-05 14:32:57	1	Sure you do. Ukraine was such an absolute threat that both countries people were shocked and didnt velieve it at first. We do not want your land, w...
alamacra	2023-11-05 14:32:48	1	You moved them, not us.Nope, our camps didn't either. When you build cities in Siberia, you want the workers to live.
vengeful_vv	2023-11-05 14:32:43	4	Usually no, never heard of a disorder affecting an application, if you were completely mentally unable to look after yourself, maybe?
alamacra	2023-11-05 14:31:51	1	Nah, we only attack when obliged to, or when threatened.  No interest in expansion. You on the other hand want our land, so you joined NATO to atta...
Diipadaapa1	2023-11-05 14:30:18	1	"""Moved"". More like relocated or murdered, like the Nazis did to the jews. Makes sense, Genocide looks the same no matter who commits it. And there ..."
alamacra	2023-11-05 14:23:14	1	Moved to Finland and assimilated, I guess. They became Finns and stopped being Ingrians.Gulags were prisons under GULag(State Department of Camps)....
Diipadaapa1	2023-11-05 14:22:09	1	"Yeah, turns out, if Russia attacks its neighbours, other neighbours realize ""oh shit, they havent left the 1900s, maybe NATO is a good insurance to..."
alamacra	2023-11-05 14:20:17	1	"You were actually doing pretty well until in 2022 you decided ""Russia's weak, let's join NATO and destroy it"". I don't know why you pick Belarus, t..."
Educational_Secret33	2023-11-05 14:12:03	3	it doesn't matter at all? Really?
Diipadaapa1	2023-11-05 14:10:51	1	And didnt russia according to your history books liberate Europe from the Nazis?
AnhraMainyu	2023-11-05 14:09:59	1	"Well. Every good and popular thing that everybody like should have at least 1% haters. That's a rule.  Samara is much more ""your average Russian ci..."
Diipadaapa1	2023-11-05 14:09:58	1	Oh no, what ever would we do without Russias friendship? I mean look how much better life in Belarus is as a result /s
Paragraph-228	2023-11-05 14:06:40	1	it is kind of a big rock
Diipadaapa1	2023-11-05 13:47:23	1	And what happened to the other 146.000?Well i guess if you blame the self inclicted casualities (Gulags) on others, like you are world champions at...
ivandemidov1	2023-11-05 13:44:04	2	Also Tea Grocery on Myasnitskaya street with it's original Chinese design from XIX century.
Industrialman96	2023-11-05 13:43:51	5	))))))))
MikeSeth	2023-11-05 13:42:25	1	sure thing
hei04	2023-11-05 13:41:58	1	Ok we will try today with small amount. Its really challenging since i dont have access to advcash but i have to explain to my friend who is not fa...
No-Pain-5924	2023-11-05 13:39:45	1	I remember the ads on tv, like, 20 years ago? I think I tried it once or twice.
translatingrussia	2023-11-05 13:35:06	-4	I think I know who you are IRL, and I lived in Russia much longer than you did.
MikeSeth	2023-11-05 13:32:59	1	Its fine. Do note that for the operation of usdt you and your friend will need a small amount of Ethereum. usdt is an Ethereum token and sending it...
brjukva	2023-11-05 13:32:58	3	Anything in particular you'd like to know?
hei04	2023-11-05 13:29:20	1	So to sum it up, i will buy usdt via coinbase or Binance > send usdt to my friends trusted wallet address > my friend will send usdt from her walle...
Low-Resolution-2883	2023-11-05 13:27:44	1	because Putin and his cronies stole everything. According to experts, Putin and his cronies withdrew $4 trillion from Russia. That's why the Russia...
Low-Resolution-2883	2023-11-05 13:26:27	1	no
Low-Resolution-2883	2023-11-05 13:25:41	1	yes. russian here, comrad ))
Low-Resolution-2883	2023-11-05 13:24:36	1	He hasn't gone crazy. You're more likely to go crazy. The SVR General is an absolutely honest, reliable and reliable source of information. If you ...
helloblubb	2023-11-05 13:24:11	6	) is literally the same as :) but minus the colon : because the colon is at a hard-to-reach location on the Russian keyboard. So, ))) is the same a...
pipiska	2023-11-05 13:23:58	6	Itâ€™s always so interesting to read the â€œRussians according to a random westoidâ€ comments.
NadzGoldman	2023-11-05 13:23:14	2	Murmansk ( Teriberka ) - Polar lights and edge of World
MikeSeth	2023-11-05 13:22:54	1	yes, although of course my personal advice is to get s hardware wallet like trezor t
hei04	2023-11-05 13:21:59	1	When you say software or hardware do you mean like cryto wallet? For example trusted wallet ?
Low-Resolution-2883	2023-11-05 13:21:00	1	yes
dair_spb	2023-11-05 13:20:43	2	just curious, where exactly did you hear about â€œPutin social engineeringâ€? Could you please elaborate?
Disastrous_Two_5470	2023-11-05 13:19:53	2	Need to try that then
Snoo_20390	2023-11-05 13:19:52	1	Gorky
AlekSandr--	2023-11-05 13:19:52	1	I d say it's a Boulder?
Low-Resolution-2883	2023-11-05 13:18:35	2	yes
pipiska	2023-11-05 13:15:50	7	Yeah why people upvote this chatgpt crap is also a mystery.
TinTinych	2023-11-05 13:14:45	1	In winter too. Skiing, snowboarding, hiking...
translatingrussia	2023-11-05 13:14:37	-5	No, Russians do, but Russians also swear that they donâ€™t because of the trauma from the great patriotic war. Itâ€™s not exactly popular to support an...
Low-Resolution-2883	2023-11-05 13:14:13	1	lump, clump ))))
helloblubb	2023-11-05 13:11:46	1	> Sakhalin or KamchatkaBut not in winter?
helloblubb	2023-11-05 13:10:22	1	If going to the south, might well go to Elista to experience Europe's largest Buddhist community. And it's further away from the border.
alamacra	2023-11-05 13:10:08	1	About 4000 in Russia right now, I believe. A lot of the Ingrians were moved to Finland during Finnish occupation.Don't be ridiculous. Hitler killed...
helloblubb	2023-11-05 13:09:21	1	SPb > MKAD ðŸ˜Ž
helloblubb	2023-11-05 13:08:35	2	But foreigners aren't allowed to enter?
Vadim_M	2023-11-05 13:05:45	6	You next question will be why the flag of Novorossiya (DNR/LNR circa 2014-2022) looks like Confederate Flag but without stars :)PS Srsly speaking I...
Ermeter	2023-11-05 13:04:23	1	Russia is killing 50 million ukranian soldiers a week and currently outproducing the entirety of Europe and America.
alamacra	2023-11-05 13:03:00	1	I don't believe Russia has gone liberating people for nationalism anywhere until Ukraine, which was more about safety arguably. In any case, you we...
helloblubb	2023-11-05 13:01:21	2	https://en.wikipedia.org/wiki/Golden_Ring_of_Russia features cities that were historicaly important.And did you know that there's more than one Kre...
Ermeter	2023-11-05 13:00:05	1	In 2 years, I think.
Diipadaapa1	2023-11-05 12:56:22	1	How many Ingrians are left?And my dude, Stalin killed more of its people than Hitler
dkMutex	2023-11-05 12:56:01	9	Lmao
alamacra	2023-11-05 12:55:15	1	The Russian nation is partly Ugro-Finnic. Nope, we do not like to kill ourselves, despite what Western propaganda says. There were just a lot more ...
redditBuditel777	2023-11-05 12:54:46	1	Thank you for the info!
Diipadaapa1	2023-11-05 12:54:35	1	And, by that logic, isnt it fair game for Ukraine to see that Russia is the agressor? Or Poland to see Russia as an enemy? Or the Baltics? Or basic...
Diipadaapa1	2023-11-05 12:52:47	1	Mhm. How did Finland fall into Russian rule again? Was it so that Sweden gifted it to Russia or....
TinTinych	2023-11-05 12:52:16	1	I think Vladivostok would be the best choice, at least as a waypoint. Close enough to Chinese border, quite good (and mostly oriented towards China...
Diipadaapa1	2023-11-05 12:51:47	1	So like the US who thought they would bring Capitalism to Vietnam
helloblubb	2023-11-05 12:51:18	6	I think most Russians don't support the war _per se._ It's just that they also don't like the NATO and Ukraine's newly discovered love for war crim...
alamacra	2023-11-05 12:51:18	1	Hence why we can't call it even. From that point it became clear that Finland wanted to be an enemy.
helloblubb	2023-11-05 12:49:36	4	Here some reading if you are curious:https://en.wikipedia.org/wiki/Commemoration_of_Stepan_Banderahttps://historynewsnetwork.org/article/183040
Wafer-Mindless	2023-11-05 12:48:49	1	I can tell that the person was raised in Russia, Ukraine or Belarus by the way they dressed (usually people from Kazahkstan also dress similta), it...
SeasonalFashionista	2023-11-05 12:48:41	3	Was popular in my teens. My school friend loved it. Btw if somebody is missing it, you can find imported cans on marketplaces
Diipadaapa1	2023-11-05 12:47:14	1	Yup, and the finnics the USSR didnt like, especially the ones near Finland and Estonia, they completely wiped out. Like the Ingrians.So since the o...
pipiska	2023-11-05 12:46:50	4	Spb resident detected
riuminkd	2023-11-05 12:46:26	3	when the colos is sus!
alamacra	2023-11-05 12:45:28	1	In principle, the means are the same. Back then though, the World Revolution was something most Communists believed in, so when helping the Reds th...
bararumb	2023-11-05 12:45:01	3	>if you're a fan of a shit load of sugarnot really, but thanks, maybe I'll give it a try, if I see it
peggit_roBH0	2023-11-05 12:44:01	9	>US allows competitionBetween two parties. Both of them have same agenda. >Maybe one reason we have more roads and more toilets per capita.How many...
alamacra	2023-11-05 12:42:10	1	Stalin didn't even take decisions back then, he was only one of Lenin's followers at that point, second at best. And honestly, decisions of one per...
Background_Dot3692	2023-11-05 12:41:33	2	I liked it in the 2000s. I didn't see it is stores now. Not big. When it was advertised, it had like 3% of the market and now is unbeknown for youn...
Diipadaapa1	2023-11-05 12:41:15	1	And ofcause it had no good for russians in mind, it wanted to liberate the finnics who by their point of view were colonized by russia
Diipadaapa1	2023-11-05 12:40:27	1	Kind of like the US makes friends then? Sponsoring the opposition that will cooperate with them, like in south America?
helloblubb	2023-11-05 12:40:27	13	https://en.wikipedia.org/wiki/1993_Russian_constitutional_crisisThat's how Russia's constitution came to be. Yeltsin drafted it with the help of US...
Wafer-Mindless	2023-11-05 12:37:44	9	Based on what I know about him, he either just wore it without thinking, because it was a flag that other punk used, or percieved it as a sign of s...
helloblubb	2023-11-05 12:35:40	4	"> but what pretentious person really goes on pontificating about how Yekaterinburg is ""on the geographical boundary of Europe and Asia"" and ""symbol..."
alamacra	2023-11-05 12:35:01	1	Sending help to the Reds was an attempt to make Finland a better nation, part of a new, united World, as well as a friend, among other equal nation...
Altruistic_End1335	2023-11-05 12:34:23	1	Tyumen
EndNo564	2023-11-05 12:33:46	1	Chmizh. Chucha
helloblubb	2023-11-05 12:26:29	4	Could be because it's not controversial / doesn't start heated debates on politics, and the post has a lot of upvotes (more or less). Mods likely d...
Diipadaapa1	2023-11-05 12:26:14	1	Careful, wouldnt want to critizise Stalins decisions no would we?The whites set to liberate the Finnic people who were left out. I though you would...
g13n4	2023-11-05 12:25:35	3	As someone else has already mentioned Irn-Bru tastes extremely similar to buratino which has been around for decades and much cheaper. Irnbru is mu...
Background_Dot3692	2023-11-05 12:22:22	5	"It is ""boulder"" when we talk about the physical solid mass. But the other meaning is ""colossus"" or ""hulk"" if we talk about people who are massive i..."
alamacra	2023-11-05 12:21:45	1	The deal was to recognise Finnish independence, or not. It's pretty obvious that historical Russian lands were made part of the GDF earlier, for wh...
crystallize1	2023-11-05 12:18:31	1	The Rock as movie artist
No-Tea5287	2023-11-05 12:17:41	1	You can play in Enisey or Krasniy Yar. Clubs from Krasnoyarsk. Also we have Lokomotiv, they won 22/23 Russian championship
gatsbyeclaire	2023-11-05 11:53:05	1	I am from Rostov-on-Don (it might be a good choice if you want to see southern Russia with a juxtaposing battlefield of miraculous architectural he...
EuphoricLiquid	2023-11-05 11:49:41	5	Kek is orcish/horde for lol in elven/alliance, yep :)  nostalgia!
EuphoricLiquid	2023-11-05 11:48:08	1	Kek
tosha94	2023-11-05 11:33:03	1	Not really, we have Buratino which is the superior version anyway
fireburn256	2023-11-05 11:28:29	9	">this is the work of a madman""But we also will introduce sanctions that will affect the regular folk mostly, directly and indirectly!"""
Disastrous_Two_5470	2023-11-05 11:26:33	1	Thoughts on it
Disastrous_Two_5470	2023-11-05 11:25:37	2	Aye one sip is not enough to addictive, plus if you're ever on a night out and you feel like you're gonna paint the streets with your guts then try...
Badonkadonk6969	2023-11-05 11:22:26	-7	Wait, didn't Ukraine move to NATO after having Crimea stolen? If that doesn't happen then Ukraine likely stays neutral. Also NATO is already on the...
AutoModerator	2023-11-05 11:20:21	1	Your submission has been automatically removed. Submissions from accounts fewer than 5 days old are removed automatically to prevent low-effort shi...
Disastrous_Two_5470	2023-11-05 11:18:40	1	If you ever see it in your supermarkets you should get some that is if you're a fan of a shit load of sugar because the irn bru that you have is th...
Monterenbas	2023-11-05 11:15:23	1	Lots of deflections for a simple question. Again you say I see things that are not here, but am I wrong tho? Like do you not support the annexation...
Disastrous_Two_5470	2023-11-05 11:14:52	1	Aww I thought I could've been a big thing after Coke and Pepsi as all the comments on the tiktok lept saying that Russia was the 2nd biggest consum...
Badonkadonk6969	2023-11-05 11:09:11	-6	The difference is that US allows competition.  So of course Biden isn't at popular.  That's what makes Democracies thrive.  The ability to question...
supersh86	2023-11-05 10:59:09	1	As we noted earlier, you have problems with perception. You see something that is not there.
retrokun	2023-11-05 10:56:19	3	Most movie i know about spy's or deversant group. Not about full scale invasion.
Dawidko1200	2023-11-05 10:54:22	1	Regarding the whole New Moscow thing:Russian cities have the common European issue of being circular - the city is built in rough concentric circle...
supersh86	2023-11-05 10:53:13	2	And you won't even call us racists?)
retrokun	2023-11-05 10:52:00	1	Relly good question , CC Gmaes good thing.
Monterenbas	2023-11-05 10:51:44	1	Is it wrong to estimate that 90% of the Russians on this sub support the war? Thatâ€™s only based on my observations of Russians commenting here, itâ€™...
supersh86	2023-11-05 10:49:48	1	If you don't have a military specialty, you're not needed at the front. Something like this.
Maria0601	2023-11-05 10:47:05	8	>still cannot find a new leaseholderold news. it will reopen this year.
TripFar4772	2023-11-05 10:46:26	12	There is no mental evaluation during the residency or citizenship process.
supersh86	2023-11-05 10:46:04	2	I don't answer rhetorical questions.I doubt that you are telling the truth about Russia and Russians. A person who labels 90% of the participants i...
Nevaren_The_Snatcher	2023-11-05 10:45:23	5	A video describing the history of the band was released on YouTube a few months ago, but it is only in Russian, although you can enable auto-transl...
durashka228	2023-11-05 10:43:52	1	***HUMAN FLESH***
durashka228	2023-11-05 10:41:36	24	welcome home!
Maria0601	2023-11-05 10:36:21	2	"I walked past it today. ""Opening Soon"" was written on the windows. I think it was just closed for restoration. I googled that after opening, it wil..."
durashka228	2023-11-05 10:36:20	2	"as second i remember only that guy from random space film with ""asteroid what destroy world"" who repaired something random crap on spaceship by jus..."
Diipadaapa1	2023-11-05 10:33:47	1	Considering that Russia sent aid to the reds in our civil war, lets call it even. The treaty of Tartu was signed without any further drama.Thats no...
Humphrey_Wildblood	2023-11-05 10:25:35	1	"I'm white American.  What would have happened had I not appeared ""European and Western""?"
MaiZa01	2023-11-05 10:23:21	-5	perfectly rational to start a war that would go on to kill thousands of innocents? sick how u can justify that
Betadzen	2023-11-05 10:21:24	1	YES! YES! WITHOUT SIDE DISHES IT IS INEDIBLE BY MOST!
Monterenbas	2023-11-05 10:15:45	1	Coming from Â«Â you should see a doctorÂ Â» and Â«Â your not a sane personÂ Â» thatâ€™s pretty rich. Not that I consider that an insult, but youâ€™re the one w...
nikshdev	2023-11-05 10:12:17	4	> I guess everybody old or young enough to bear arms will be calledIn case of another wave there will be a country-wide qouta and each local conscr...
Born_Literature_7670	2023-11-05 10:08:41	3	Irn-bru disappeared quite some time ago. AFAIR even before the war. There was a replacement drink called Habahaba, but it vanished also. Though, I ...
retrokun	2023-11-05 10:07:10	2	influense of worl punk-rock culture.
DistortNeo	2023-11-05 10:07:00	1	My opinion: this is the result of poverty. Not only Russia, but also Eastern Europe and Asia are strong in such Olympiads.1. In the rich Western wo...
alamacra	2023-11-05 10:06:38	2	During the Civil War that was a lot. And definitely not a good start to a peaceful relationship.
AnnaBananner82	2023-11-05 10:06:21	1	We pressure cook bone-in chicken for my dogsâ€™ food and once itâ€™s sat in the fridge it has that meat jello consistency. SO gross!
Slyakot	2023-11-05 10:04:48	3	In awe at the size of this lad. What an absolute unit.
Betadzen	2023-11-05 10:03:39	2	*sploshes a rich plate of the meat jelly goodness*GET YOUR HORSERADISH FOR THIS IS A FULL COURSE SLIME MEAL!
AutoModerator	2023-11-05 10:03:13	1	Your submission has been automatically removed. Submissions from accounts fewer than 5 days old are removed automatically to prevent low-effort shi...
1Poket1	2023-11-05 10:01:56	3	It was my favourite drink in 2000s
AnnaBananner82	2023-11-05 10:01:15	1	No. I hate you.
AutoModerator	2023-11-05 10:00:09	2	Your submission has been automatically removed. Submissions from accounts fewer than 5 days old are removed automatically to prevent low-effort shi...
Lonerover_Goldenhay	2023-11-05 09:41:57	3	Jokes on you, I'm into this s**t!
supersh86	2023-11-05 09:37:34	1	"You insulted me by saying that I was playing the victim.  You insulted me by claiming that someone's ""social engineering"" is influencing me.  You b..."
pipiska	2023-11-05 09:31:05	5	Dog shit is objectively more important for Denmark than the war in Ukraine.
translatingrussia	2023-11-05 09:25:02	-4	OP, it's hard to believe you visited Russia and didn't pick up on the fact that Russians support Putin and the war (they will say they don't, then ...
Monterenbas	2023-11-05 09:19:38	1	Why donâ€™t you answer my question first, before answering with your own. Iâ€™ll gladly answer you.
supersh86	2023-11-05 09:17:31	0	I see you want to smoothly move on to your favorite topic. Better tell me why you came here? What is your motivation?
AvitoMan	2023-11-05 09:14:03	1	Coronapay and Profee
Monterenbas	2023-11-05 09:09:12	1	Again how did I insult you? I presume that youâ€™re in favor of the invasion, like 90% of the Russian users on this sub, not a risky bet, and the use...
Lord_Soth77	2023-11-05 09:07:13	2	Wow! Today I learned something new.
Ensianto	2023-11-05 09:05:59	4	I used to enjoy it when I was a teenager, but lately I don't really see it in the shops
nottedbundy77	2023-11-05 09:05:21	1	Chips, like American chips, just stop by the Sevie on the way over, donâ€™t stress over it
supersh86	2023-11-05 09:04:54	2	Let me remind you that neither I nor newredditorn said anything about their position on the invasion, nor about their political positions.  But you...
Cultural-Interview77	2023-11-05 09:03:13	2	"Maybe because ""everything goes according to the plan"" ðŸ˜‰"
niffernal	2023-11-05 09:02:02	4	Literally the Rock. You know how Dwayne 'the Rock' is translated to Russian â€” same energy
alamacra	2023-11-05 08:59:57	3	"""Your own link made clear they didn't control Finnish Karelia. Inaccurate, as per everything you have claimed so far.""Cause my link regarded modern..."
IcePuzzleheaded5507	2023-11-05 08:57:51	5	On April 2023, news published saying that the Eliseevsky grocery store on Tverskaya in Moscow was bought by Realty4Sale (R4S). The new owner of one...
LimestoneDust	2023-11-05 08:56:05	2	> still use Soviet doctrine because they are too poor for combined armsAnd Soviet doctrine doesn't involve combined arms?
MinuteMouse5803	2023-11-05 08:47:14	5	Samara city. The bestest.
MinuteMouse5803	2023-11-05 08:43:40	2	It is worth visiting as almost all cities 1 million plus. Really I was there. Nothing special.Ioshkar Ola even is more interesting. Peacefully coex...
Monterenbas	2023-11-05 08:28:37	1	Lol, the Â«Â bully with a victim complexÂ Â» trope have never been truer, nobody was insulted or humiliated here, get down your hight horse.Again, if a...
YourTurbulentFriend	2023-11-05 08:27:23	5	"This is true if the ""Russian"" you heard comes from Hollywood movies, which uses non russian actors. Just look for any russian female singer or song..."
supersh86	2023-11-05 08:26:28	2	I'm just analyzing your text, nothing more. I believe that your indiscriminate attacks on Russians are a manifestation of your Russophobia.  You ar...
Monterenbas	2023-11-05 08:21:56	0	That you believe that people Â«Â hateÂ Â» Russia or the russian people, because we donâ€™t blindly acquiesced to the kremlin talking point parroted in th...
supersh86	2023-11-05 08:10:59	5	Well, I didnâ€™t say anything about Putin and I donâ€™t consider myself a victim. I just said that you misunderstood the words of your interlocutor and...
Monterenbas	2023-11-05 08:05:38	-4	Cool, it also seems that 20 years of Putin social engineering destroy your brain and make you somehow believe that your a victim here. You should s...
Mikhail-Efimenko	2023-11-05 08:05:10	2	Just lurk for some Russian Youtube videos with voiceover, so result may be like this: https://www.youtube.com/watch?v=ckK\_q-BLpH0
supersh86	2023-11-05 08:03:12	9	The Golden Horde also existed in the past.The Americans were among the military interveners in the Russian Civil War.
MikeSeth	2023-11-05 08:02:36	1	Advcash generates one time wallets for every deposit. The account balance is credited after the Ethereum transaction settles. I didnt know advcash ...
supersh86	2023-11-05 08:01:27	6	It seems to me that Russophobia destroys your brain. You should see a doctor.
ru1m	2023-11-05 07:59:20	12	It was not Putin who made this Constitution. Somehow it was created by Eltsin - US puppet. When it was Eltsin at power, it was perfectly OK for US....
ru1m	2023-11-05 07:51:31	15	Its also amazes me that people think poor russians suffer from one crazy daddy at time when Russia in villain. Take off this daddy and Russia becom...
